Date_reported,Country_code,Country,WHO_region,New_cases,Cumulative_cases,New_deaths,Cumulative_deaths
2020-01-03,AU,Australia,WPRO,0,0,0,0
2020-01-04,AU,Australia,WPRO,0,0,0,0
2020-01-05,AU,Australia,WPRO,0,0,0,0
2020-01-06,AU,Australia,WPRO,0,0,0,0
2020-01-07,AU,Australia,WPRO,0,0,0,0
2020-01-08,AU,Australia,WPRO,0,0,0,0
2020-01-09,AU,Australia,WPRO,0,0,0,0
2020-01-10,AU,Australia,WPRO,0,0,0,0
2020-01-11,AU,Australia,WPRO,0,0,0,0
2020-01-12,AU,Australia,WPRO,0,0,0,0
2020-01-13,AU,Australia,WPRO,0,0,0,0
2020-01-14,AU,Australia,WPRO,0,0,0,0
2020-01-15,AU,Australia,WPRO,0,0,0,0
2020-01-16,AU,Australia,WPRO,0,0,0,0
2020-01-17,AU,Australia,WPRO,0,0,0,0
2020-01-18,AU,Australia,WPRO,0,0,0,0
2020-01-19,AU,Australia,WPRO,0,0,0,0
2020-01-20,AU,Australia,WPRO,0,0,0,0
2020-01-21,AU,Australia,WPRO,0,0,0,0
2020-01-22,AU,Australia,WPRO,0,0,0,0
2020-01-23,AU,Australia,WPRO,0,0,0,0
2020-01-24,AU,Australia,WPRO,0,0,0,0
2020-01-25,AU,Australia,WPRO,7,7,0,0
2020-01-26,AU,Australia,WPRO,1,8,0,0
2020-01-27,AU,Australia,WPRO,1,9,0,0
2020-01-28,AU,Australia,WPRO,0,9,0,0
2020-01-29,AU,Australia,WPRO,2,11,0,0
2020-01-30,AU,Australia,WPRO,2,13,0,0
2020-01-31,AU,Australia,WPRO,0,13,0,0
2020-02-01,AU,Australia,WPRO,3,16,0,0
2020-02-02,AU,Australia,WPRO,0,16,0,0
2020-02-03,AU,Australia,WPRO,0,16,0,0
2020-02-04,AU,Australia,WPRO,1,17,0,0
2020-02-05,AU,Australia,WPRO,1,18,0,0
2020-02-06,AU,Australia,WPRO,1,19,0,0
2020-02-07,AU,Australia,WPRO,0,19,0,0
2020-02-08,AU,Australia,WPRO,0,19,0,0
2020-02-09,AU,Australia,WPRO,0,19,0,0
2020-02-10,AU,Australia,WPRO,0,19,0,0
2020-02-11,AU,Australia,WPRO,0,19,0,0
2020-02-12,AU,Australia,WPRO,0,19,0,0
2020-02-13,AU,Australia,WPRO,0,19,0,0
2020-02-14,AU,Australia,WPRO,0,19,0,0
2020-02-15,AU,Australia,WPRO,0,19,0,0
2020-02-16,AU,Australia,WPRO,0,19,0,0
2020-02-17,AU,Australia,WPRO,0,19,0,0
2020-02-18,AU,Australia,WPRO,0,19,0,0
2020-02-19,AU,Australia,WPRO,0,19,0,0
2020-02-20,AU,Australia,WPRO,0,19,0,0
2020-02-21,AU,Australia,WPRO,2,21,0,0
2020-02-22,AU,Australia,WPRO,4,25,0,0
2020-02-23,AU,Australia,WPRO,1,26,0,0
2020-02-24,AU,Australia,WPRO,0,26,0,0
2020-02-25,AU,Australia,WPRO,1,27,0,0
2020-02-26,AU,Australia,WPRO,0,27,0,0
2020-02-27,AU,Australia,WPRO,0,27,0,0
2020-02-28,AU,Australia,WPRO,0,27,0,0
2020-02-29,AU,Australia,WPRO,2,29,0,0
2020-03-01,AU,Australia,WPRO,2,31,1,1
2020-03-02,AU,Australia,WPRO,6,37,0,1
2020-03-03,AU,Australia,WPRO,0,37,0,1
2020-03-04,AU,Australia,WPRO,0,37,0,1
2020-03-05,AU,Australia,WPRO,10,47,0,1
2020-03-06,AU,Australia,WPRO,19,66,1,2
2020-03-07,AU,Australia,WPRO,8,74,0,2
2020-03-08,AU,Australia,WPRO,7,81,1,3
2020-03-09,AU,Australia,WPRO,15,96,0,3
2020-03-10,AU,Australia,WPRO,0,96,0,3
2020-03-11,AU,Australia,WPRO,30,126,0,3
2020-03-12,AU,Australia,WPRO,18,144,0,3
2020-03-13,AU,Australia,WPRO,49,193,0,3
2020-03-14,AU,Australia,WPRO,8,201,0,3
2020-03-15,AU,Australia,WPRO,101,302,2,5
2020-03-16,AU,Australia,WPRO,38,340,0,5
2020-03-17,AU,Australia,WPRO,78,418,0,5
2020-03-18,AU,Australia,WPRO,96,514,1,6
2020-03-19,AU,Australia,WPRO,195,709,0,6
2020-03-20,AU,Australia,WPRO,164,873,1,7
2020-03-21,AU,Australia,WPRO,208,1081,0,7
2020-03-22,AU,Australia,WPRO,17,1098,0,7
2020-03-23,AU,Australia,WPRO,611,1709,0,7
2020-03-24,AU,Australia,WPRO,427,2136,1,8
2020-03-25,AU,Australia,WPRO,287,2423,0,8
2020-03-26,AU,Australia,WPRO,376,2799,3,11
2020-03-27,AU,Australia,WPRO,186,2985,2,13
2020-03-28,AU,Australia,WPRO,650,3635,1,14
2020-03-29,AU,Australia,WPRO,331,3966,2,16
2020-03-30,AU,Australia,WPRO,279,4245,2,18
2020-03-31,AU,Australia,WPRO,312,4557,1,19
2020-04-01,AU,Australia,WPRO,303,4860,1,20
2020-04-02,AU,Australia,WPRO,116,4976,1,21
2020-04-03,AU,Australia,WPRO,374,5350,5,26
2020-04-04,AU,Australia,WPRO,104,5454,2,28
2020-04-05,AU,Australia,WPRO,181,5635,6,34
2020-04-06,AU,Australia,WPRO,160,5795,5,39
2020-04-07,AU,Australia,WPRO,49,5844,3,42
2020-04-08,AU,Australia,WPRO,112,5956,3,45
2020-04-09,AU,Australia,WPRO,96,6052,5,50
2020-04-10,AU,Australia,WPRO,100,6152,2,52
2020-04-11,AU,Australia,WPRO,137,6289,4,56
2020-04-12,AU,Australia,WPRO,24,6313,3,59
2020-04-13,AU,Australia,WPRO,9,6322,2,61
2020-04-14,AU,Australia,WPRO,44,6366,0,61
2020-04-15,AU,Australia,WPRO,50,6416,0,61
2020-04-16,AU,Australia,WPRO,42,6458,2,63
2020-04-17,AU,Australia,WPRO,10,6468,0,63
2020-04-18,AU,Australia,WPRO,65,6533,4,67
2020-04-19,AU,Australia,WPRO,73,6606,3,70
2020-04-20,AU,Australia,WPRO,6,6612,0,70
2020-04-21,AU,Australia,WPRO,13,6625,1,71
2020-04-22,AU,Australia,WPRO,22,6647,3,74
2020-04-23,AU,Australia,WPRO,14,6661,1,75
2020-04-24,AU,Australia,WPRO,6,6667,1,76
2020-04-25,AU,Australia,WPRO,20,6687,3,79
2020-04-26,AU,Australia,WPRO,16,6703,2,81
2020-04-27,AU,Australia,WPRO,10,6713,2,83
2020-04-28,AU,Australia,WPRO,12,6725,1,84
2020-04-29,AU,Australia,WPRO,13,6738,4,88
2020-04-30,AU,Australia,WPRO,8,6746,2,90
2020-05-01,AU,Australia,WPRO,16,6762,2,92
2020-05-02,AU,Australia,WPRO,5,6767,1,93
2020-05-03,AU,Australia,WPRO,16,6783,0,93
2020-05-04,AU,Australia,WPRO,18,6801,2,95
2020-05-05,AU,Australia,WPRO,24,6825,0,95
2020-05-06,AU,Australia,WPRO,24,6849,1,96
2020-05-07,AU,Australia,WPRO,26,6875,1,97
2020-05-08,AU,Australia,WPRO,21,6896,0,97
2020-05-09,AU,Australia,WPRO,18,6914,0,97
2020-05-10,AU,Australia,WPRO,15,6929,0,97
2020-05-11,AU,Australia,WPRO,12,6941,0,97
2020-05-12,AU,Australia,WPRO,7,6948,0,97
2020-05-13,AU,Australia,WPRO,16,6964,0,97
2020-05-14,AU,Australia,WPRO,11,6975,1,98
2020-05-15,AU,Australia,WPRO,14,6989,0,98
2020-05-16,AU,Australia,WPRO,30,7019,0,98
2020-05-17,AU,Australia,WPRO,17,7036,0,98
2020-05-18,AU,Australia,WPRO,9,7045,0,98
2020-05-19,AU,Australia,WPRO,15,7060,1,99
2020-05-20,AU,Australia,WPRO,8,7068,0,99
2020-05-21,AU,Australia,WPRO,11,7079,1,100
2020-05-22,AU,Australia,WPRO,2,7081,0,100
2020-05-23,AU,Australia,WPRO,14,7095,1,101
2020-05-24,AU,Australia,WPRO,11,7106,1,102
2020-05-25,AU,Australia,WPRO,3,7109,0,102
2020-05-26,AU,Australia,WPRO,9,7118,0,102
2020-05-27,AU,Australia,WPRO,15,7133,0,102
2020-05-28,AU,Australia,WPRO,6,7139,1,103
2020-05-29,AU,Australia,WPRO,11,7150,0,103
2020-05-30,AU,Australia,WPRO,23,7173,0,103
2020-05-31,AU,Australia,WPRO,12,7185,0,103
2020-06-01,AU,Australia,WPRO,10,7195,0,103
2020-06-02,AU,Australia,WPRO,9,7204,0,103
2020-06-03,AU,Australia,WPRO,17,7221,0,103
2020-06-04,AU,Australia,WPRO,8,7229,-1,102
2020-06-05,AU,Australia,WPRO,11,7240,0,102
2020-06-06,AU,Australia,WPRO,11,7251,0,102
2020-06-07,AU,Australia,WPRO,4,7255,0,102
2020-06-08,AU,Australia,WPRO,5,7260,0,102
2020-06-09,AU,Australia,WPRO,5,7265,0,102
2020-06-10,AU,Australia,WPRO,2,7267,0,102
2020-06-11,AU,Australia,WPRO,0,7267,0,102
2020-06-12,AU,Australia,WPRO,18,7285,0,102
2020-06-13,AU,Australia,WPRO,5,7290,0,102
2020-06-14,AU,Australia,WPRO,12,7302,0,102
2020-06-15,AU,Australia,WPRO,18,7320,0,102
2020-06-16,AU,Australia,WPRO,15,7335,0,102
2020-06-17,AU,Australia,WPRO,12,7347,0,102
2020-06-18,AU,Australia,WPRO,23,7370,0,102
2020-06-19,AU,Australia,WPRO,21,7391,0,102
2020-06-20,AU,Australia,WPRO,18,7409,0,102
2020-06-21,AU,Australia,WPRO,27,7436,0,102
2020-06-22,AU,Australia,WPRO,25,7461,0,102
2020-06-23,AU,Australia,WPRO,13,7474,0,102
2020-06-24,AU,Australia,WPRO,18,7492,0,102
2020-06-25,AU,Australia,WPRO,29,7521,1,103
2020-06-26,AU,Australia,WPRO,37,7558,1,104
2020-06-27,AU,Australia,WPRO,37,7595,0,104
2020-06-28,AU,Australia,WPRO,46,7641,0,104
2020-06-29,AU,Australia,WPRO,45,7686,0,104
2020-06-30,AU,Australia,WPRO,81,7767,0,104
2020-07-01,AU,Australia,WPRO,67,7834,0,104
2020-07-02,AU,Australia,WPRO,86,7920,0,104
2020-07-03,AU,Australia,WPRO,81,8001,0,104
2020-07-04,AU,Australia,WPRO,254,8255,0,104
2020-07-05,AU,Australia,WPRO,107,8362,0,104
2020-07-06,AU,Australia,WPRO,87,8449,0,104
2020-07-07,AU,Australia,WPRO,137,8586,2,106
2020-07-08,AU,Australia,WPRO,169,8755,0,106
2020-07-09,AU,Australia,WPRO,131,8886,0,106
2020-07-10,AU,Australia,WPRO,173,9059,0,106
2020-07-11,AU,Australia,WPRO,300,9359,0,106
2020-07-12,AU,Australia,WPRO,194,9553,1,107
2020-07-13,AU,Australia,WPRO,244,9797,1,108
2020-07-14,AU,Australia,WPRO,183,9980,0,108
2020-07-15,AU,Australia,WPRO,271,10251,0,108
2020-07-16,AU,Australia,WPRO,244,10495,3,111
2020-07-17,AU,Australia,WPRO,315,10810,2,113
2020-07-18,AU,Australia,WPRO,425,11235,3,116
2020-07-19,AU,Australia,WPRO,206,11441,2,118
2020-07-20,AU,Australia,WPRO,361,11802,4,122
2020-07-21,AU,Australia,WPRO,267,12069,1,123
2020-07-22,AU,Australia,WPRO,359,12428,3,126
2020-07-23,AU,Australia,WPRO,468,12896,2,128
2020-07-24,AU,Australia,WPRO,410,13306,5,133
2020-07-25,AU,Australia,WPRO,289,13595,6,139
2020-07-26,AU,Australia,WPRO,355,13950,6,145
2020-07-27,AU,Australia,WPRO,453,14403,10,155
2020-07-28,AU,Australia,WPRO,532,14935,6,161
2020-07-29,AU,Australia,WPRO,369,15304,6,167
2020-07-30,AU,Australia,WPRO,278,15582,9,176
2020-07-31,AU,Australia,WPRO,721,16303,13,189
2020-08-01,AU,Australia,WPRO,602,16905,7,196
2020-08-02,AU,Australia,WPRO,377,17282,4,200
2020-08-03,AU,Australia,WPRO,641,17923,8,208
2020-08-04,AU,Australia,WPRO,395,18318,13,221
2020-08-05,AU,Australia,WPRO,411,18729,11,232
2020-08-06,AU,Australia,WPRO,715,19444,15,247
2020-08-07,AU,Australia,WPRO,418,19862,8,255
2020-08-08,AU,Australia,WPRO,410,20272,11,266
2020-08-09,AU,Australia,WPRO,426,20698,12,278
2020-08-10,AU,Australia,WPRO,386,21084,17,295
2020-08-11,AU,Australia,WPRO,313,21397,18,313
2020-08-12,AU,Australia,WPRO,316,21713,18,331
2020-08-13,AU,Australia,WPRO,414,22127,21,352
2020-08-14,AU,Australia,WPRO,231,22358,9,361
2020-08-15,AU,Australia,WPRO,385,22743,14,375
2020-08-16,AU,Australia,WPRO,292,23035,4,379
2020-08-17,AU,Australia,WPRO,253,23288,17,396
2020-08-18,AU,Australia,WPRO,271,23559,25,421
2020-08-19,AU,Australia,WPRO,214,23773,17,438
2020-08-20,AU,Australia,WPRO,220,23993,12,450
2020-08-21,AU,Australia,WPRO,243,24236,13,463
2020-08-22,AU,Australia,WPRO,171,24407,9,472
2020-08-23,AU,Australia,WPRO,195,24602,13,485
2020-08-24,AU,Australia,WPRO,210,24812,17,502
2020-08-25,AU,Australia,WPRO,104,24916,15,517
2020-08-26,AU,Australia,WPRO,137,25053,8,525
2020-08-27,AU,Australia,WPRO,152,25205,24,549
2020-08-28,AU,Australia,WPRO,117,25322,23,572
2020-08-29,AU,Australia,WPRO,126,25448,11,583
2020-08-30,AU,Australia,WPRO,99,25547,17,600
2020-08-31,AU,Australia,WPRO,123,25670,11,611
2020-09-01,AU,Australia,WPRO,76,25746,41,652
2020-09-02,AU,Australia,WPRO,73,25819,5,657
2020-09-03,AU,Australia,WPRO,104,25923,6,663
2020-09-04,AU,Australia,WPRO,126,26049,15,678
2020-09-05,AU,Australia,WPRO,87,26136,59,737
2020-09-06,AU,Australia,WPRO,71,26207,11,748
2020-09-07,AU,Australia,WPRO,72,26279,5,753
2020-09-08,AU,Australia,WPRO,43,26322,9,762
2020-09-09,AU,Australia,WPRO,52,26374,8,770
2020-09-10,AU,Australia,WPRO,91,26465,11,781
2020-09-11,AU,Australia,WPRO,48,26513,7,788
2020-09-12,AU,Australia,WPRO,52,26565,9,797
2020-09-13,AU,Australia,WPRO,42,26607,6,803
2020-09-14,AU,Australia,WPRO,44,26651,7,810
2020-09-15,AU,Australia,WPRO,41,26692,6,816
2020-09-16,AU,Australia,WPRO,46,26738,0,816
2020-09-17,AU,Australia,WPRO,41,26779,8,824
2020-09-18,AU,Australia,WPRO,34,26813,8,832
2020-09-19,AU,Australia,WPRO,48,26861,5,837
2020-09-20,AU,Australia,WPRO,24,26885,7,844
2020-09-21,AU,Australia,WPRO,13,26898,5,849
2020-09-22,AU,Australia,WPRO,14,26912,2,851
2020-09-23,AU,Australia,WPRO,30,26942,3,854
2020-09-24,AU,Australia,WPRO,31,26973,5,859
2020-09-25,AU,Australia,WPRO,10,26983,2,861
2020-09-26,AU,Australia,WPRO,17,27000,8,869
2020-09-27,AU,Australia,WPRO,16,27016,1,870
2020-09-28,AU,Australia,WPRO,24,27040,2,872
2020-09-29,AU,Australia,WPRO,4,27044,3,875
2020-09-30,AU,Australia,WPRO,19,27063,7,882
2020-10-01,AU,Australia,WPRO,15,27078,4,886
2020-10-02,AU,Australia,WPRO,18,27096,2,888
2020-10-03,AU,Australia,WPRO,17,27113,2,890
2020-10-04,AU,Australia,WPRO,8,27121,3,893
2020-10-05,AU,Australia,WPRO,15,27136,1,894
2020-10-06,AU,Australia,WPRO,13,27149,0,894
2020-10-07,AU,Australia,WPRO,25,27174,1,895
2020-10-08,AU,Australia,WPRO,8,27182,2,897
2020-10-09,AU,Australia,WPRO,24,27206,0,897
2020-10-10,AU,Australia,WPRO,23,27229,0,897
2020-10-11,AU,Australia,WPRO,15,27244,0,897
2020-10-12,AU,Australia,WPRO,20,27264,1,898
2020-01-03,CN,China,WPRO,0,0,0,0
2020-01-04,CN,China,WPRO,1,1,0,0
2020-01-05,CN,China,WPRO,0,1,0,0
2020-01-06,CN,China,WPRO,3,4,0,0
2020-01-07,CN,China,WPRO,0,4,0,0
2020-01-08,CN,China,WPRO,0,4,0,0
2020-01-09,CN,China,WPRO,0,4,0,0
2020-01-10,CN,China,WPRO,0,4,0,0
2020-01-11,CN,China,WPRO,41,45,1,1
2020-01-12,CN,China,WPRO,0,45,0,1
2020-01-13,CN,China,WPRO,0,45,0,1
2020-01-14,CN,China,WPRO,0,45,0,1
2020-01-15,CN,China,WPRO,0,45,0,1
2020-01-16,CN,China,WPRO,0,45,0,1
2020-01-17,CN,China,WPRO,4,49,1,2
2020-01-18,CN,China,WPRO,17,66,0,2
2020-01-19,CN,China,WPRO,59,125,1,3
2020-01-20,CN,China,WPRO,77,202,1,4
2020-01-21,CN,China,WPRO,93,295,2,6
2020-01-22,CN,China,WPRO,152,447,3,9
2020-01-23,CN,China,WPRO,131,578,8,17
2020-01-24,CN,China,WPRO,261,839,8,25
2020-01-25,CN,China,WPRO,462,1301,16,41
2020-01-26,CN,China,WPRO,688,1989,15,56
2020-01-27,CN,China,WPRO,776,2765,24,80
2020-01-28,CN,China,WPRO,1772,4537,26,106
2020-01-29,CN,China,WPRO,1462,5999,26,132
2020-01-30,CN,China,WPRO,1741,7740,38,170
2020-01-31,CN,China,WPRO,1984,9724,43,213
2020-02-01,CN,China,WPRO,2101,11825,46,259
2020-02-02,CN,China,WPRO,2590,14415,45,304
2020-02-03,CN,China,WPRO,2827,17242,57,361
2020-02-04,CN,China,WPRO,3233,20475,64,425
2020-02-05,CN,China,WPRO,3892,24367,66,491
2020-02-06,CN,China,WPRO,3697,28064,73,564
2020-02-07,CN,China,WPRO,3151,31215,73,637
2020-02-08,CN,China,WPRO,3387,34602,86,723
2020-02-09,CN,China,WPRO,2653,37255,89,812
2020-02-10,CN,China,WPRO,2985,40240,97,909
2020-02-11,CN,China,WPRO,2472,42712,108,1017
2020-02-12,CN,China,WPRO,2022,44734,97,1114
2020-02-13,CN,China,WPRO,15152,59886,254,1368
2020-02-14,CN,China,WPRO,4050,63936,13,1381
2020-02-15,CN,China,WPRO,2644,66580,143,1524
2020-02-16,CN,China,WPRO,2008,68588,142,1666
2020-02-17,CN,China,WPRO,2051,70639,106,1772
2020-02-18,CN,China,WPRO,1893,72532,98,1870
2020-02-19,CN,China,WPRO,1751,74283,136,2006
2020-02-20,CN,China,WPRO,396,74679,115,2121
2020-02-21,CN,China,WPRO,892,75571,118,2239
2020-02-22,CN,China,WPRO,825,76396,109,2348
2020-02-23,CN,China,WPRO,649,77045,97,2445
2020-02-24,CN,China,WPRO,221,77266,150,2595
2020-02-25,CN,China,WPRO,517,77783,71,2666
2020-02-26,CN,China,WPRO,411,78194,52,2718
2020-02-27,CN,China,WPRO,440,78634,29,2747
2020-02-28,CN,China,WPRO,329,78963,44,2791
2020-02-29,CN,China,WPRO,430,79393,47,2838
2020-03-01,CN,China,WPRO,579,79972,35,2873
2020-03-02,CN,China,WPRO,206,80178,42,2915
2020-03-03,CN,China,WPRO,128,80306,31,2946
2020-03-04,CN,China,WPRO,120,80426,38,2984
2020-03-05,CN,China,WPRO,143,80569,31,3015
2020-03-06,CN,China,WPRO,146,80715,30,3045
2020-03-07,CN,China,WPRO,102,80817,28,3073
2020-03-08,CN,China,WPRO,46,80863,27,3100
2020-03-09,CN,China,WPRO,45,80908,23,3123
2020-03-10,CN,China,WPRO,20,80928,17,3140
2020-03-11,CN,China,WPRO,31,80959,22,3162
2020-03-12,CN,China,WPRO,26,80985,11,3173
2020-03-13,CN,China,WPRO,10,80995,7,3180
2020-03-14,CN,China,WPRO,30,81025,14,3194
2020-03-15,CN,China,WPRO,27,81052,10,3204
2020-03-16,CN,China,WPRO,29,81081,14,3218
2020-03-17,CN,China,WPRO,39,81120,13,3231
2020-03-18,CN,China,WPRO,58,81178,11,3242
2020-03-19,CN,China,WPRO,99,81277,8,3250
2020-03-20,CN,China,WPRO,139,81416,11,3261
2020-03-21,CN,China,WPRO,82,81498,6,3267
2020-03-22,CN,China,WPRO,1,81499,0,3267
2020-03-23,CN,China,WPRO,104,81603,9,3276
2020-03-24,CN,China,WPRO,164,81767,7,3283
2020-03-25,CN,China,WPRO,102,81869,4,3287
2020-03-26,CN,China,WPRO,92,81961,6,3293
2020-03-27,CN,China,WPRO,132,82093,5,3298
2020-03-28,CN,China,WPRO,120,82213,3,3301
2020-03-29,CN,China,WPRO,128,82341,5,3306
2020-03-30,CN,China,WPRO,114,82455,4,3310
2020-03-31,CN,China,WPRO,90,82545,4,3314
2020-04-01,CN,China,WPRO,93,82638,7,3321
2020-04-02,CN,China,WPRO,86,82724,6,3327
2020-04-03,CN,China,WPRO,78,82802,4,3331
2020-04-04,CN,China,WPRO,73,82875,4,3335
2020-04-05,CN,China,WPRO,55,82930,3,3338
2020-04-06,CN,China,WPRO,75,83005,2,3340
2020-04-07,CN,China,WPRO,66,83071,0,3340
2020-04-08,CN,China,WPRO,90,83161,2,3342
2020-04-09,CN,China,WPRO,88,83249,2,3344
2020-04-10,CN,China,WPRO,56,83305,1,3345
2020-04-11,CN,China,WPRO,78,83383,4,3349
2020-04-12,CN,China,WPRO,102,83485,0,3349
2020-04-13,CN,China,WPRO,112,83597,2,3351
2020-04-14,CN,China,WPRO,99,83696,0,3351
2020-04-15,CN,China,WPRO,51,83747,1,3352
2020-04-16,CN,China,WPRO,50,83797,0,3352
2020-04-17,CN,China,WPRO,352,84149,1290,4642
2020-04-18,CN,China,WPRO,31,84180,0,4642
2020-04-19,CN,China,WPRO,43,84223,0,4642
2020-04-20,CN,China,WPRO,16,84239,0,4642
2020-04-21,CN,China,WPRO,14,84253,0,4642
2020-04-22,CN,China,WPRO,35,84288,0,4642
2020-04-23,CN,China,WPRO,15,84303,0,4642
2020-04-24,CN,China,WPRO,9,84312,0,4642
2020-04-25,CN,China,WPRO,12,84324,0,4642
2020-04-26,CN,China,WPRO,14,84338,0,4642
2020-04-27,CN,China,WPRO,3,84341,1,4643
2020-04-28,CN,China,WPRO,6,84347,0,4643
2020-04-29,CN,China,WPRO,22,84369,0,4643
2020-04-30,CN,China,WPRO,4,84373,0,4643
2020-05-01,CN,China,WPRO,12,84385,0,4643
2020-05-02,CN,China,WPRO,6,84391,0,4643
2020-05-03,CN,China,WPRO,2,84393,0,4643
2020-05-04,CN,China,WPRO,8,84401,0,4643
2020-05-05,CN,China,WPRO,3,84404,0,4643
2020-05-06,CN,China,WPRO,2,84406,0,4643
2020-05-07,CN,China,WPRO,3,84409,0,4643
2020-05-08,CN,China,WPRO,6,84415,0,4643
2020-05-09,CN,China,WPRO,1,84416,0,4643
2020-05-10,CN,China,WPRO,14,84430,0,4643
2020-05-11,CN,China,WPRO,20,84450,0,4643
2020-05-12,CN,China,WPRO,1,84451,1,4644
2020-05-13,CN,China,WPRO,7,84458,0,4644
2020-05-14,CN,China,WPRO,6,84464,0,4644
2020-05-15,CN,China,WPRO,5,84469,0,4644
2020-05-16,CN,China,WPRO,9,84478,0,4644
2020-05-17,CN,China,WPRO,6,84484,1,4645
2020-05-18,CN,China,WPRO,10,84494,0,4645
2020-05-19,CN,China,WPRO,6,84500,0,4645
2020-05-20,CN,China,WPRO,5,84505,0,4645
2020-05-21,CN,China,WPRO,2,84507,0,4645
2020-05-22,CN,China,WPRO,13,84520,0,4645
2020-05-23,CN,China,WPRO,2,84522,0,4645
2020-05-24,CN,China,WPRO,3,84525,0,4645
2020-05-25,CN,China,WPRO,11,84536,0,4645
2020-05-26,CN,China,WPRO,7,84543,0,4645
2020-05-27,CN,China,WPRO,1,84544,0,4645
2020-05-28,CN,China,WPRO,3,84547,0,4645
2020-05-29,CN,China,WPRO,0,84547,0,4645
2020-05-30,CN,China,WPRO,18,84565,0,4645
2020-05-31,CN,China,WPRO,5,84570,0,4645
2020-06-01,CN,China,WPRO,18,84588,0,4645
2020-06-02,CN,China,WPRO,9,84597,0,4645
2020-06-03,CN,China,WPRO,5,84602,0,4645
2020-06-04,CN,China,WPRO,1,84603,0,4645
2020-06-05,CN,China,WPRO,11,84614,0,4645
2020-06-06,CN,China,WPRO,6,84620,0,4645
2020-06-07,CN,China,WPRO,9,84629,0,4645
2020-06-08,CN,China,WPRO,5,84634,0,4645
2020-06-09,CN,China,WPRO,4,84638,0,4645
2020-06-10,CN,China,WPRO,3,84641,0,4645
2020-06-11,CN,China,WPRO,11,84652,0,4645
2020-06-12,CN,China,WPRO,7,84659,0,4645
2020-06-13,CN,China,WPRO,12,84671,0,4645
2020-06-14,CN,China,WPRO,58,84729,0,4645
2020-06-15,CN,China,WPRO,49,84778,0,4645
2020-06-16,CN,China,WPRO,45,84823,0,4645
2020-06-17,CN,China,WPRO,44,84867,0,4645
2020-06-18,CN,China,WPRO,36,84903,0,4645
2020-06-19,CN,China,WPRO,37,84940,0,4645
2020-06-20,CN,China,WPRO,30,84970,0,4645
2020-06-21,CN,China,WPRO,27,84997,1,4646
2020-06-22,CN,China,WPRO,21,85018,0,4646
2020-06-23,CN,China,WPRO,52,85070,0,4646
2020-06-24,CN,China,WPRO,28,85098,1,4647
2020-06-25,CN,China,WPRO,21,85119,0,4647
2020-06-26,CN,China,WPRO,29,85148,1,4648
2020-06-27,CN,China,WPRO,24,85172,0,4648
2020-06-28,CN,China,WPRO,18,85190,0,4648
2020-06-29,CN,China,WPRO,14,85204,0,4648
2020-06-30,CN,China,WPRO,23,85227,0,4648
2020-07-01,CN,China,WPRO,5,85232,0,4648
2020-07-02,CN,China,WPRO,31,85263,0,4648
2020-07-03,CN,China,WPRO,15,85278,0,4648
2020-07-04,CN,China,WPRO,9,85287,0,4648
2020-07-05,CN,China,WPRO,19,85306,0,4648
2020-07-06,CN,China,WPRO,14,85320,0,4648
2020-07-07,CN,China,WPRO,25,85345,0,4648
2020-07-08,CN,China,WPRO,21,85366,0,4648
2020-07-09,CN,China,WPRO,33,85399,0,4648
2020-07-10,CN,China,WPRO,46,85445,0,4648
2020-07-11,CN,China,WPRO,42,85487,0,4648
2020-07-12,CN,China,WPRO,35,85522,0,4648
2020-07-13,CN,China,WPRO,46,85568,0,4648
2020-07-14,CN,China,WPRO,55,85623,1,4649
2020-07-15,CN,China,WPRO,54,85677,0,4649
2020-07-16,CN,China,WPRO,20,85697,2,4651
2020-07-17,CN,China,WPRO,78,85775,0,4651
2020-07-18,CN,China,WPRO,82,85857,1,4652
2020-07-19,CN,China,WPRO,80,85937,1,4653
2020-07-20,CN,China,WPRO,131,86068,0,4653
2020-07-21,CN,China,WPRO,84,86152,0,4653
2020-07-22,CN,China,WPRO,74,86226,2,4655
2020-07-23,CN,China,WPRO,135,86361,0,4655
2020-07-24,CN,China,WPRO,139,86500,1,4656
2020-07-25,CN,China,WPRO,160,86660,1,4657
2020-07-26,CN,China,WPRO,179,86839,2,4659
2020-07-27,CN,China,WPRO,189,87028,0,4659
2020-07-28,CN,China,WPRO,217,87245,4,4663
2020-07-29,CN,China,WPRO,212,87457,1,4664
2020-07-30,CN,China,WPRO,223,87680,1,4665
2020-07-31,CN,China,WPRO,276,87956,1,4666
2020-08-01,CN,China,WPRO,166,88122,2,4668
2020-08-02,CN,China,WPRO,180,88302,6,4674
2020-08-03,CN,China,WPRO,157,88459,2,4676
2020-08-04,CN,China,WPRO,114,88573,3,4679
2020-08-05,CN,China,WPRO,109,88682,4,4683
2020-08-06,CN,China,WPRO,122,88804,1,4684
2020-08-07,CN,China,WPRO,133,88937,3,4687
2020-08-08,CN,China,WPRO,120,89057,1,4688
2020-08-09,CN,China,WPRO,92,89149,0,4688
2020-08-10,CN,China,WPRO,121,89270,5,4693
2020-08-11,CN,China,WPRO,113,89383,3,4696
2020-08-12,CN,China,WPRO,61,89444,3,4699
2020-08-13,CN,China,WPRO,82,89526,5,4704
2020-08-14,CN,China,WPRO,99,89625,3,4707
2020-08-15,CN,China,WPRO,70,89695,1,4708
2020-08-16,CN,China,WPRO,66,89761,2,4710
2020-08-17,CN,China,WPRO,98,89859,0,4710
2020-08-18,CN,China,WPRO,67,89926,0,4710
2020-08-19,CN,China,WPRO,54,89980,2,4712
2020-08-20,CN,China,WPRO,33,90013,1,4713
2020-08-21,CN,China,WPRO,40,90053,3,4716
2020-08-22,CN,China,WPRO,50,90103,0,4716
2020-08-23,CN,China,WPRO,38,90141,1,4717
2020-08-24,CN,China,WPRO,41,90182,1,4718
2020-08-25,CN,China,WPRO,23,90205,0,4718
2020-08-26,CN,China,WPRO,34,90239,1,4719
2020-08-27,CN,China,WPRO,32,90271,1,4720
2020-08-28,CN,China,WPRO,30,90301,2,4722
2020-08-29,CN,China,WPRO,22,90323,3,4725
2020-08-30,CN,China,WPRO,28,90351,3,4728
2020-08-31,CN,China,WPRO,32,90383,1,4729
2020-09-01,CN,China,WPRO,19,90402,1,4730
2020-09-02,CN,China,WPRO,20,90422,1,4731
2020-09-03,CN,China,WPRO,20,90442,3,4734
2020-09-04,CN,China,WPRO,33,90475,1,4735
2020-09-05,CN,China,WPRO,23,90498,0,4735
2020-09-06,CN,China,WPRO,19,90517,0,4735
2020-09-07,CN,China,WPRO,34,90551,2,4737
2020-09-08,CN,China,WPRO,22,90573,2,4739
2020-09-09,CN,China,WPRO,9,90582,1,4740
2020-09-10,CN,China,WPRO,13,90595,0,4740
2020-09-11,CN,China,WPRO,28,90623,0,4740
2020-09-12,CN,China,WPRO,20,90643,0,4740
2020-09-13,CN,China,WPRO,23,90666,1,4741
2020-09-14,CN,China,WPRO,29,90695,0,4741
2020-09-15,CN,China,WPRO,23,90718,1,4742
2020-09-16,CN,China,WPRO,16,90734,1,4743
2020-09-17,CN,China,WPRO,19,90753,0,4743
2020-09-18,CN,China,WPRO,44,90797,0,4743
2020-09-19,CN,China,WPRO,17,90814,1,4744
2020-09-20,CN,China,WPRO,26,90840,0,4744
2020-09-21,CN,China,WPRO,36,90876,0,4744
2020-09-22,CN,China,WPRO,14,90890,0,4744
2020-09-23,CN,China,WPRO,18,90908,0,4744
2020-09-24,CN,China,WPRO,10,90918,1,4745
2020-09-25,CN,China,WPRO,15,90933,0,4745
2020-09-26,CN,China,WPRO,18,90951,1,4746
2020-09-27,CN,China,WPRO,15,90966,0,4746
2020-09-28,CN,China,WPRO,27,90993,0,4746
2020-09-29,CN,China,WPRO,25,91018,0,4746
2020-09-30,CN,China,WPRO,23,91041,0,4746
2020-10-01,CN,China,WPRO,20,91061,0,4746
2020-10-02,CN,China,WPRO,21,91082,0,4746
2020-10-03,CN,China,WPRO,19,91101,0,4746
2020-10-04,CN,China,WPRO,20,91121,0,4746
2020-10-05,CN,China,WPRO,25,91146,0,4746
2020-10-06,CN,China,WPRO,24,91170,0,4746
2020-10-07,CN,China,WPRO,18,91188,0,4746
2020-10-08,CN,China,WPRO,24,91212,0,4746
2020-10-09,CN,China,WPRO,40,91252,0,4746
2020-10-10,CN,China,WPRO,26,91278,0,4746
2020-10-11,CN,China,WPRO,27,91305,0,4746
2020-10-12,CN,China,WPRO,28,91333,0,4746
2020-01-03,IT,Italy,EURO,0,0,0,0
2020-01-04,IT,Italy,EURO,0,0,0,0
2020-01-05,IT,Italy,EURO,0,0,0,0
2020-01-06,IT,Italy,EURO,0,0,0,0
2020-01-07,IT,Italy,EURO,0,0,0,0
2020-01-08,IT,Italy,EURO,0,0,0,0
2020-01-09,IT,Italy,EURO,0,0,0,0
2020-01-10,IT,Italy,EURO,0,0,0,0
2020-01-11,IT,Italy,EURO,0,0,0,0
2020-01-12,IT,Italy,EURO,0,0,0,0
2020-01-13,IT,Italy,EURO,0,0,0,0
2020-01-14,IT,Italy,EURO,0,0,0,0
2020-01-15,IT,Italy,EURO,0,0,0,0
2020-01-16,IT,Italy,EURO,0,0,0,0
2020-01-17,IT,Italy,EURO,0,0,0,0
2020-01-18,IT,Italy,EURO,0,0,0,0
2020-01-19,IT,Italy,EURO,0,0,0,0
2020-01-20,IT,Italy,EURO,0,0,0,0
2020-01-21,IT,Italy,EURO,0,0,0,0
2020-01-22,IT,Italy,EURO,0,0,0,0
2020-01-23,IT,Italy,EURO,0,0,0,0
2020-01-24,IT,Italy,EURO,0,0,0,0
2020-01-25,IT,Italy,EURO,0,0,0,0
2020-01-26,IT,Italy,EURO,0,0,0,0
2020-01-27,IT,Italy,EURO,0,0,0,0
2020-01-28,IT,Italy,EURO,0,0,0,0
2020-01-29,IT,Italy,EURO,2,2,0,0
2020-01-30,IT,Italy,EURO,0,2,0,0
2020-01-31,IT,Italy,EURO,1,3,0,0
2020-02-01,IT,Italy,EURO,0,3,0,0
2020-02-02,IT,Italy,EURO,0,3,0,0
2020-02-03,IT,Italy,EURO,0,3,0,0
2020-02-04,IT,Italy,EURO,0,3,0,0
2020-02-05,IT,Italy,EURO,0,3,0,0
2020-02-06,IT,Italy,EURO,0,3,0,0
2020-02-07,IT,Italy,EURO,0,3,0,0
2020-02-08,IT,Italy,EURO,0,3,0,0
2020-02-09,IT,Italy,EURO,0,3,0,0
2020-02-10,IT,Italy,EURO,0,3,0,0
2020-02-11,IT,Italy,EURO,0,3,0,0
2020-02-12,IT,Italy,EURO,0,3,0,0
2020-02-13,IT,Italy,EURO,0,3,0,0
2020-02-14,IT,Italy,EURO,0,3,0,0
2020-02-15,IT,Italy,EURO,0,3,0,0
2020-02-16,IT,Italy,EURO,0,3,0,0
2020-02-17,IT,Italy,EURO,0,3,0,0
2020-02-18,IT,Italy,EURO,0,3,0,0
2020-02-19,IT,Italy,EURO,0,3,0,0
2020-02-20,IT,Italy,EURO,0,3,0,0
2020-02-21,IT,Italy,EURO,0,3,0,0
2020-02-22,IT,Italy,EURO,14,17,0,0
2020-02-23,IT,Italy,EURO,62,79,2,2
2020-02-24,IT,Italy,EURO,53,132,0,2
2020-02-25,IT,Italy,EURO,97,229,4,6
2020-02-26,IT,Italy,EURO,93,322,5,11
2020-02-27,IT,Italy,EURO,78,400,1,12
2020-02-28,IT,Italy,EURO,250,650,5,17
2020-02-29,IT,Italy,EURO,238,888,4,21
2020-03-01,IT,Italy,EURO,240,1128,8,29
2020-03-02,IT,Italy,EURO,561,1689,6,35
2020-03-03,IT,Italy,EURO,347,2036,17,52
2020-03-04,IT,Italy,EURO,466,2502,28,80
2020-03-05,IT,Italy,EURO,587,3089,27,107
2020-03-06,IT,Italy,EURO,769,3858,41,148
2020-03-07,IT,Italy,EURO,778,4636,49,197
2020-03-08,IT,Italy,EURO,1247,5883,36,233
2020-03-09,IT,Italy,EURO,1492,7375,133,366
2020-03-10,IT,Italy,EURO,1797,9172,98,464
2020-03-11,IT,Italy,EURO,977,10149,167,631
2020-03-12,IT,Italy,EURO,2313,12462,196,827
2020-03-13,IT,Italy,EURO,2651,15113,189,1016
2020-03-14,IT,Italy,EURO,2547,17660,252,1268
2020-03-15,IT,Italy,EURO,3497,21157,173,1441
2020-03-16,IT,Italy,EURO,2823,23980,370,1811
2020-03-17,IT,Italy,EURO,4000,27980,347,2158
2020-03-18,IT,Italy,EURO,3526,31506,347,2505
2020-03-19,IT,Italy,EURO,4207,35713,473,2978
2020-03-20,IT,Italy,EURO,5322,41035,429,3407
2020-03-21,IT,Italy,EURO,5986,47021,625,4032
2020-03-22,IT,Italy,EURO,6557,53578,795,4827
2020-03-23,IT,Italy,EURO,5560,59138,649,5476
2020-03-24,IT,Italy,EURO,4789,63927,601,6077
2020-03-25,IT,Italy,EURO,5249,69176,743,6820
2020-03-26,IT,Italy,EURO,5210,74386,685,7505
2020-03-27,IT,Italy,EURO,6153,80539,660,8165
2020-03-28,IT,Italy,EURO,5959,86498,971,9136
2020-03-29,IT,Italy,EURO,5974,92472,887,10023
2020-03-30,IT,Italy,EURO,5217,97689,758,10781
2020-03-31,IT,Italy,EURO,4050,101739,810,11591
2020-04-01,IT,Italy,EURO,4053,105792,839,12430
2020-04-02,IT,Italy,EURO,4782,110574,727,13157
2020-04-03,IT,Italy,EURO,4668,115242,760,13917
2020-04-04,IT,Italy,EURO,4585,119827,764,14681
2020-04-05,IT,Italy,EURO,4805,124632,681,15362
2020-04-06,IT,Italy,EURO,4316,128948,527,15889
2020-04-07,IT,Italy,EURO,3599,132547,636,16525
2020-04-08,IT,Italy,EURO,3039,135586,604,17129
2020-04-09,IT,Italy,EURO,3836,139422,540,17669
2020-04-10,IT,Italy,EURO,4204,143626,612,18281
2020-04-11,IT,Italy,EURO,3951,147577,570,18851
2020-04-12,IT,Italy,EURO,4694,152271,619,19470
2020-04-13,IT,Italy,EURO,4092,156363,431,19901
2020-04-14,IT,Italy,EURO,3153,159516,564,20465
2020-04-15,IT,Italy,EURO,2972,162488,604,21069
2020-04-16,IT,Italy,EURO,2667,165155,578,21647
2020-04-17,IT,Italy,EURO,3786,168941,525,22172
2020-04-18,IT,Italy,EURO,3493,172434,575,22747
2020-04-19,IT,Italy,EURO,3491,175925,480,23227
2020-04-20,IT,Italy,EURO,3047,178972,433,23660
2020-04-21,IT,Italy,EURO,2256,181228,454,24114
2020-04-22,IT,Italy,EURO,2729,183957,534,24648
2020-04-23,IT,Italy,EURO,3370,187327,437,25085
2020-04-24,IT,Italy,EURO,2646,189973,464,25549
2020-04-25,IT,Italy,EURO,3021,192994,420,25969
2020-04-26,IT,Italy,EURO,2357,195351,415,26384
2020-04-27,IT,Italy,EURO,2324,197675,260,26644
2020-04-28,IT,Italy,EURO,1739,199414,333,26977
2020-04-29,IT,Italy,EURO,2091,201505,382,27359
2020-04-30,IT,Italy,EURO,2086,203591,323,27682
2020-05-01,IT,Italy,EURO,1872,205463,285,27967
2020-05-02,IT,Italy,EURO,1965,207428,269,28236
2020-05-03,IT,Italy,EURO,1900,209328,474,28710
2020-05-04,IT,Italy,EURO,1389,210717,174,28884
2020-05-05,IT,Italy,EURO,1221,211938,195,29079
2020-05-06,IT,Italy,EURO,1075,213013,236,29315
2020-05-07,IT,Italy,EURO,1444,214457,369,29684
2020-05-08,IT,Italy,EURO,1401,215858,274,29958
2020-05-09,IT,Italy,EURO,1327,217185,243,30201
2020-05-10,IT,Italy,EURO,1083,218268,194,30395
2020-05-11,IT,Italy,EURO,802,219070,165,30560
2020-05-12,IT,Italy,EURO,744,219814,179,30739
2020-05-13,IT,Italy,EURO,1402,221216,172,30911
2020-05-14,IT,Italy,EURO,888,222104,195,31106
2020-05-15,IT,Italy,EURO,992,223096,262,31368
2020-05-16,IT,Italy,EURO,789,223885,242,31610
2020-05-17,IT,Italy,EURO,875,224760,153,31763
2020-05-18,IT,Italy,EURO,675,225435,145,31908
2020-05-19,IT,Italy,EURO,451,225886,99,32007
2020-05-20,IT,Italy,EURO,813,226699,162,32169
2020-05-21,IT,Italy,EURO,665,227364,161,32330
2020-05-22,IT,Italy,EURO,642,228006,156,32486
2020-05-23,IT,Italy,EURO,652,228658,130,32616
2020-05-24,IT,Italy,EURO,669,229327,119,32735
2020-05-25,IT,Italy,EURO,531,229858,50,32785
2020-05-26,IT,Italy,EURO,300,230158,92,32877
2020-05-27,IT,Italy,EURO,397,230555,78,32955
2020-05-28,IT,Italy,EURO,584,231139,117,33072
2020-05-29,IT,Italy,EURO,593,231732,70,33142
2020-05-30,IT,Italy,EURO,516,232248,87,33229
2020-05-31,IT,Italy,EURO,416,232664,111,33340
2020-06-01,IT,Italy,EURO,355,233019,75,33415
2020-06-02,IT,Italy,EURO,178,233197,60,33475
2020-06-03,IT,Italy,EURO,318,233515,55,33530
2020-06-04,IT,Italy,EURO,321,233836,71,33601
2020-06-05,IT,Italy,EURO,177,234013,88,33689
2020-06-06,IT,Italy,EURO,518,234531,85,33774
2020-06-07,IT,Italy,EURO,270,234801,72,33846
2020-06-08,IT,Italy,EURO,197,234998,53,33899
2020-06-09,IT,Italy,EURO,280,235278,65,33964
2020-06-10,IT,Italy,EURO,283,235561,79,34043
2020-06-11,IT,Italy,EURO,202,235763,71,34114
2020-06-12,IT,Italy,EURO,379,236142,53,34167
2020-06-13,IT,Italy,EURO,163,236305,56,34223
2020-06-14,IT,Italy,EURO,346,236651,78,34301
2020-06-15,IT,Italy,EURO,338,236989,44,34345
2020-06-16,IT,Italy,EURO,301,237290,26,34371
2020-06-17,IT,Italy,EURO,210,237500,34,34405
2020-06-18,IT,Italy,EURO,328,237828,43,34448
2020-06-19,IT,Italy,EURO,331,238159,66,34514
2020-06-20,IT,Italy,EURO,-148,238011,47,34561
2020-06-21,IT,Italy,EURO,264,238275,49,34610
2020-06-22,IT,Italy,EURO,224,238499,24,34634
2020-06-23,IT,Italy,EURO,221,238720,23,34657
2020-06-24,IT,Italy,EURO,113,238833,18,34675
2020-06-25,IT,Italy,EURO,577,239410,-31,34644
2020-06-26,IT,Italy,EURO,296,239706,34,34678
2020-06-27,IT,Italy,EURO,255,239961,30,34708
2020-06-28,IT,Italy,EURO,175,240136,8,34716
2020-06-29,IT,Italy,EURO,174,240310,22,34738
2020-06-30,IT,Italy,EURO,126,240436,6,34744
2020-07-01,IT,Italy,EURO,142,240578,23,34767
2020-07-02,IT,Italy,EURO,182,240760,21,34788
2020-07-03,IT,Italy,EURO,201,240961,30,34818
2020-07-04,IT,Italy,EURO,223,241184,15,34833
2020-07-05,IT,Italy,EURO,235,241419,21,34854
2020-07-06,IT,Italy,EURO,192,241611,7,34861
2020-07-07,IT,Italy,EURO,208,241819,8,34869
2020-07-08,IT,Italy,EURO,137,241956,30,34899
2020-07-09,IT,Italy,EURO,193,242149,15,34914
2020-07-10,IT,Italy,EURO,214,242363,12,34926
2020-07-11,IT,Italy,EURO,276,242639,12,34938
2020-07-12,IT,Italy,EURO,188,242827,7,34945
2020-07-13,IT,Italy,EURO,234,243061,9,34954
2020-07-14,IT,Italy,EURO,169,243230,13,34967
2020-07-15,IT,Italy,EURO,114,243344,17,34984
2020-07-16,IT,Italy,EURO,162,243506,13,34997
2020-07-17,IT,Italy,EURO,230,243736,20,35017
2020-07-18,IT,Italy,EURO,231,243967,11,35028
2020-07-19,IT,Italy,EURO,249,244216,14,35042
2020-07-20,IT,Italy,EURO,218,244434,3,35045
2020-07-21,IT,Italy,EURO,190,244624,13,35058
2020-07-22,IT,Italy,EURO,128,244752,15,35073
2020-07-23,IT,Italy,EURO,280,245032,9,35082
2020-07-24,IT,Italy,EURO,306,245338,10,35092
2020-07-25,IT,Italy,EURO,252,245590,5,35097
2020-07-26,IT,Italy,EURO,274,245864,5,35102
2020-07-27,IT,Italy,EURO,254,246118,5,35107
2020-07-28,IT,Italy,EURO,168,246286,5,35112
2020-07-29,IT,Italy,EURO,202,246488,11,35123
2020-07-30,IT,Italy,EURO,288,246776,6,35129
2020-07-31,IT,Italy,EURO,382,247158,3,35132
2020-08-01,IT,Italy,EURO,379,247537,9,35141
2020-08-02,IT,Italy,EURO,295,247832,5,35146
2020-08-03,IT,Italy,EURO,238,248070,8,35154
2020-08-04,IT,Italy,EURO,159,248229,12,35166
2020-08-05,IT,Italy,EURO,190,248419,5,35171
2020-08-06,IT,Italy,EURO,384,248803,10,35181
2020-08-07,IT,Italy,EURO,401,249204,6,35187
2020-08-08,IT,Italy,EURO,552,249756,3,35190
2020-08-09,IT,Italy,EURO,347,250103,13,35203
2020-08-10,IT,Italy,EURO,463,250566,2,35205
2020-08-11,IT,Italy,EURO,259,250825,4,35209
2020-08-12,IT,Italy,EURO,412,251237,6,35215
2020-08-13,IT,Italy,EURO,476,251713,10,35225
2020-08-14,IT,Italy,EURO,522,252235,6,35231
2020-08-15,IT,Italy,EURO,574,252809,3,35234
2020-08-16,IT,Italy,EURO,629,253438,158,35392
2020-08-17,IT,Italy,EURO,477,253915,4,35396
2020-08-18,IT,Italy,EURO,320,254235,4,35400
2020-08-19,IT,Italy,EURO,401,254636,5,35405
2020-08-20,IT,Italy,EURO,642,255278,7,35412
2020-08-21,IT,Italy,EURO,840,256118,6,35418
2020-08-22,IT,Italy,EURO,947,257065,9,35427
2020-08-23,IT,Italy,EURO,1071,258136,3,35430
2020-08-24,IT,Italy,EURO,1209,259345,7,35437
2020-08-25,IT,Italy,EURO,953,260298,4,35441
2020-08-26,IT,Italy,EURO,876,261174,4,35445
2020-08-27,IT,Italy,EURO,1366,262540,13,35458
2020-08-28,IT,Italy,EURO,1409,263949,5,35463
2020-08-29,IT,Italy,EURO,1460,265409,9,35472
2020-08-30,IT,Italy,EURO,1444,266853,1,35473
2020-08-31,IT,Italy,EURO,1365,268218,4,35477
2020-09-01,IT,Italy,EURO,996,269214,6,35483
2020-09-02,IT,Italy,EURO,975,270189,8,35491
2020-09-03,IT,Italy,EURO,1326,271515,6,35497
2020-09-04,IT,Italy,EURO,1397,272912,10,35507
2020-09-05,IT,Italy,EURO,1732,274644,11,35518
2020-09-06,IT,Italy,EURO,1694,276338,16,35534
2020-09-07,IT,Italy,EURO,1296,277634,7,35541
2020-09-08,IT,Italy,EURO,1150,278784,12,35553
2020-09-09,IT,Italy,EURO,1369,280153,10,35563
2020-09-10,IT,Italy,EURO,1430,281583,14,35577
2020-09-11,IT,Italy,EURO,1597,283180,10,35587
2020-09-12,IT,Italy,EURO,1616,284796,10,35597
2020-09-13,IT,Italy,EURO,1501,286297,6,35603
2020-09-14,IT,Italy,EURO,1456,287753,7,35610
2020-09-15,IT,Italy,EURO,1008,288761,14,35624
2020-09-16,IT,Italy,EURO,1229,289990,9,35633
2020-09-17,IT,Italy,EURO,1452,291442,12,35645
2020-09-18,IT,Italy,EURO,1583,293025,13,35658
2020-09-19,IT,Italy,EURO,1907,294932,10,35668
2020-09-20,IT,Italy,EURO,1637,296569,24,35692
2020-09-21,IT,Italy,EURO,1587,298156,15,35707
2020-09-22,IT,Italy,EURO,1350,299506,17,35724
2020-09-23,IT,Italy,EURO,1391,300897,14,35738
2020-09-24,IT,Italy,EURO,1640,302537,20,35758
2020-09-25,IT,Italy,EURO,1786,304323,23,35781
2020-09-26,IT,Italy,EURO,1912,306235,20,35801
2020-09-27,IT,Italy,EURO,1869,308104,17,35818
2020-09-28,IT,Italy,EURO,1766,309870,17,35835
2020-09-29,IT,Italy,EURO,1494,311364,16,35851
2020-09-30,IT,Italy,EURO,1647,313011,24,35875
2020-10-01,IT,Italy,EURO,1850,314861,19,35894
2020-10-02,IT,Italy,EURO,2548,317409,24,35918
2020-10-03,IT,Italy,EURO,2499,319908,23,35941
2020-10-04,IT,Italy,EURO,2843,322751,27,35968
2020-10-05,IT,Italy,EURO,2578,325329,18,35986
2020-10-06,IT,Italy,EURO,2257,327586,16,36002
2020-10-07,IT,Italy,EURO,2677,330263,28,36030
2020-10-08,IT,Italy,EURO,3677,333940,31,36061
2020-10-09,IT,Italy,EURO,4458,338398,22,36083
2020-10-10,IT,Italy,EURO,5372,343770,28,36111
2020-10-11,IT,Italy,EURO,5724,349494,29,36140
2020-10-12,IT,Italy,EURO,5456,354950,26,36166
2020-01-03,GB,The United Kingdom,EURO,0,0,0,0
2020-01-04,GB,The United Kingdom,EURO,0,0,0,0
2020-01-05,GB,The United Kingdom,EURO,0,0,0,0
2020-01-06,GB,The United Kingdom,EURO,0,0,0,0
2020-01-07,GB,The United Kingdom,EURO,0,0,0,0
2020-01-08,GB,The United Kingdom,EURO,0,0,0,0
2020-01-09,GB,The United Kingdom,EURO,0,0,0,0
2020-01-10,GB,The United Kingdom,EURO,0,0,0,0
2020-01-11,GB,The United Kingdom,EURO,0,0,0,0
2020-01-12,GB,The United Kingdom,EURO,0,0,0,0
2020-01-13,GB,The United Kingdom,EURO,0,0,0,0
2020-01-14,GB,The United Kingdom,EURO,0,0,0,0
2020-01-15,GB,The United Kingdom,EURO,0,0,0,0
2020-01-16,GB,The United Kingdom,EURO,0,0,0,0
2020-01-17,GB,The United Kingdom,EURO,0,0,0,0
2020-01-18,GB,The United Kingdom,EURO,0,0,0,0
2020-01-19,GB,The United Kingdom,EURO,0,0,0,0
2020-01-20,GB,The United Kingdom,EURO,0,0,0,0
2020-01-21,GB,The United Kingdom,EURO,0,0,0,0
2020-01-22,GB,The United Kingdom,EURO,0,0,0,0
2020-01-23,GB,The United Kingdom,EURO,0,0,0,0
2020-01-24,GB,The United Kingdom,EURO,0,0,0,0
2020-01-25,GB,The United Kingdom,EURO,0,0,0,0
2020-01-26,GB,The United Kingdom,EURO,0,0,0,0
2020-01-27,GB,The United Kingdom,EURO,0,0,0,0
2020-01-28,GB,The United Kingdom,EURO,0,0,0,0
2020-01-29,GB,The United Kingdom,EURO,0,0,0,0
2020-01-30,GB,The United Kingdom,EURO,0,0,0,0
2020-01-31,GB,The United Kingdom,EURO,0,0,0,0
2020-02-01,GB,The United Kingdom,EURO,2,2,0,0
2020-02-02,GB,The United Kingdom,EURO,0,2,0,0
2020-02-03,GB,The United Kingdom,EURO,0,2,0,0
2020-02-04,GB,The United Kingdom,EURO,0,2,0,0
2020-02-05,GB,The United Kingdom,EURO,1,3,0,0
2020-02-06,GB,The United Kingdom,EURO,0,3,0,0
2020-02-07,GB,The United Kingdom,EURO,1,4,0,0
2020-02-08,GB,The United Kingdom,EURO,0,4,0,0
2020-02-09,GB,The United Kingdom,EURO,0,4,0,0
2020-02-10,GB,The United Kingdom,EURO,4,8,0,0
2020-02-11,GB,The United Kingdom,EURO,1,9,0,0
2020-02-12,GB,The United Kingdom,EURO,0,9,0,0
2020-02-13,GB,The United Kingdom,EURO,1,10,0,0
2020-02-14,GB,The United Kingdom,EURO,0,10,0,0
2020-02-15,GB,The United Kingdom,EURO,0,10,0,0
2020-02-16,GB,The United Kingdom,EURO,0,10,0,0
2020-02-17,GB,The United Kingdom,EURO,0,10,0,0
2020-02-18,GB,The United Kingdom,EURO,0,10,0,0
2020-02-19,GB,The United Kingdom,EURO,0,10,0,0
2020-02-20,GB,The United Kingdom,EURO,0,10,0,0
2020-02-21,GB,The United Kingdom,EURO,0,10,0,0
2020-02-22,GB,The United Kingdom,EURO,0,10,0,0
2020-02-23,GB,The United Kingdom,EURO,1,11,0,0
2020-02-24,GB,The United Kingdom,EURO,0,11,0,0
2020-02-25,GB,The United Kingdom,EURO,0,11,0,0
2020-02-26,GB,The United Kingdom,EURO,2,13,0,0
2020-02-27,GB,The United Kingdom,EURO,5,18,0,0
2020-02-28,GB,The United Kingdom,EURO,4,22,0,0
2020-02-29,GB,The United Kingdom,EURO,8,30,0,0
2020-03-01,GB,The United Kingdom,EURO,12,42,0,0
2020-03-02,GB,The United Kingdom,EURO,5,47,0,0
2020-03-03,GB,The United Kingdom,EURO,22,69,0,0
2020-03-04,GB,The United Kingdom,EURO,40,109,0,0
2020-03-05,GB,The United Kingdom,EURO,55,164,0,0
2020-03-06,GB,The United Kingdom,EURO,56,220,0,0
2020-03-07,GB,The United Kingdom,EURO,51,271,1,1
2020-03-08,GB,The United Kingdom,EURO,81,352,1,2
2020-03-09,GB,The United Kingdom,EURO,60,412,0,2
2020-03-10,GB,The United Kingdom,EURO,57,469,1,3
2020-03-11,GB,The United Kingdom,EURO,148,617,4,7
2020-03-12,GB,The United Kingdom,EURO,259,876,0,7
2020-03-13,GB,The United Kingdom,EURO,406,1282,2,9
2020-03-14,GB,The United Kingdom,EURO,484,1766,1,10
2020-03-15,GB,The United Kingdom,EURO,478,2244,19,29
2020-03-16,GB,The United Kingdom,EURO,361,2605,14,43
2020-03-17,GB,The United Kingdom,EURO,442,3047,22,65
2020-03-18,GB,The United Kingdom,EURO,611,3658,17,82
2020-03-19,GB,The United Kingdom,EURO,769,4427,34,116
2020-03-20,GB,The United Kingdom,EURO,999,5426,46,162
2020-03-21,GB,The United Kingdom,EURO,1055,6481,32,194
2020-03-22,GB,The United Kingdom,EURO,1255,7736,58,252
2020-03-23,GB,The United Kingdom,EURO,1198,8934,36,288
2020-03-24,GB,The United Kingdom,EURO,1378,10312,76,364
2020-03-25,GB,The United Kingdom,EURO,2338,12650,148,512
2020-03-26,GB,The United Kingdom,EURO,2375,15025,191,703
2020-03-27,GB,The United Kingdom,EURO,2692,17717,181,884
2020-03-28,GB,The United Kingdom,EURO,3087,20804,288,1172
2020-03-29,GB,The United Kingdom,EURO,3197,24001,292,1464
2020-03-30,GB,The United Kingdom,EURO,2822,26823,212,1676
2020-03-31,GB,The United Kingdom,EURO,2858,29681,374,2050
2020-04-01,GB,The United Kingdom,EURO,4273,33954,403,2453
2020-04-02,GB,The United Kingdom,EURO,4514,38468,672,3125
2020-04-03,GB,The United Kingdom,EURO,4913,43381,657,3782
2020-04-04,GB,The United Kingdom,EURO,4868,48249,736,4518
2020-04-05,GB,The United Kingdom,EURO,4911,53160,756,5274
2020-04-06,GB,The United Kingdom,EURO,4020,57180,599,5873
2020-04-07,GB,The United Kingdom,EURO,3592,60772,567,6440
2020-04-08,GB,The United Kingdom,EURO,5282,66054,1105,7545
2020-04-09,GB,The United Kingdom,EURO,5450,71504,1030,8575
2020-04-10,GB,The United Kingdom,EURO,5131,76635,1116,9691
2020-04-11,GB,The United Kingdom,EURO,4858,81493,1122,10813
2020-04-12,GB,The United Kingdom,EURO,4313,85806,843,11656
2020-04-13,GB,The United Kingdom,EURO,3579,89385,657,12313
2020-04-14,GB,The United Kingdom,EURO,3489,92874,724,13037
2020-04-15,GB,The United Kingdom,EURO,4178,97052,1076,14113
2020-04-16,GB,The United Kingdom,EURO,4326,101378,880,14993
2020-04-17,GB,The United Kingdom,EURO,5065,106443,1036,16029
2020-04-18,GB,The United Kingdom,EURO,5292,111735,913,16942
2020-04-19,GB,The United Kingdom,EURO,4956,116691,1105,18047
2020-04-20,GB,The United Kingdom,EURO,4721,121412,432,18479
2020-04-21,GB,The United Kingdom,EURO,3853,125265,570,19049
2020-04-22,GB,The United Kingdom,EURO,4854,130119,1224,20273
2020-04-23,GB,The United Kingdom,EURO,4760,134879,847,21120
2020-04-24,GB,The United Kingdom,EURO,5487,140366,682,21802
2020-04-25,GB,The United Kingdom,EURO,5158,145524,1010,22812
2020-04-26,GB,The United Kingdom,EURO,4970,150494,815,23627
2020-04-27,GB,The United Kingdom,EURO,3748,154242,364,23991
2020-04-28,GB,The United Kingdom,EURO,3473,157715,320,24311
2020-04-29,GB,The United Kingdom,EURO,4706,162421,969,25280
2020-04-30,GB,The United Kingdom,EURO,4729,167150,769,26049
2020-05-01,GB,The United Kingdom,EURO,5446,172596,634,26683
2020-05-02,GB,The United Kingdom,EURO,4966,177562,698,27381
2020-05-03,GB,The United Kingdom,EURO,4737,182299,584,27965
2020-05-04,GB,The United Kingdom,EURO,3229,185528,253,28218
2020-05-05,GB,The United Kingdom,EURO,2982,188510,272,28490
2020-05-06,GB,The United Kingdom,EURO,3389,191899,726,29216
2020-05-07,GB,The United Kingdom,EURO,3682,195581,647,29863
2020-05-08,GB,The United Kingdom,EURO,3827,199408,458,30321
2020-05-09,GB,The United Kingdom,EURO,3767,203175,579,30900
2020-05-10,GB,The United Kingdom,EURO,3063,206238,275,31175
2020-05-11,GB,The United Kingdom,EURO,2157,208395,217,31392
2020-05-12,GB,The United Kingdom,EURO,2329,210724,187,31579
2020-05-13,GB,The United Kingdom,EURO,3586,214310,614,32193
2020-05-14,GB,The United Kingdom,EURO,3402,217712,447,32640
2020-05-15,GB,The United Kingdom,EURO,3307,221019,352,32992
2020-05-16,GB,The United Kingdom,EURO,2628,223647,350,33342
2020-05-17,GB,The United Kingdom,EURO,2526,226173,411,33753
2020-05-18,GB,The United Kingdom,EURO,2079,228252,67,33820
2020-05-19,GB,The United Kingdom,EURO,1838,230090,146,33966
2020-05-20,GB,The United Kingdom,EURO,2589,232679,500,34466
2020-05-21,GB,The United Kingdom,EURO,3052,235731,328,34794
2020-05-22,GB,The United Kingdom,EURO,2718,238449,273,35067
2020-05-23,GB,The United Kingdom,EURO,2574,241023,291,35358
2020-05-24,GB,The United Kingdom,EURO,2062,243085,220,35578
2020-05-25,GB,The United Kingdom,EURO,1527,244612,379,35957
2020-05-26,GB,The United Kingdom,EURO,1364,245976,104,36061
2020-05-27,GB,The United Kingdom,EURO,1624,247600,131,36192
2020-05-28,GB,The United Kingdom,EURO,1672,249272,422,36614
2020-05-29,GB,The United Kingdom,EURO,1835,251107,343,36957
2020-05-30,GB,The United Kingdom,EURO,1760,252867,274,37231
2020-05-31,GB,The United Kingdom,EURO,1527,254394,154,37385
2020-06-01,GB,The United Kingdom,EURO,1125,255519,60,37445
2020-06-02,GB,The United Kingdom,EURO,1079,256598,86,37531
2020-06-03,GB,The United Kingdom,EURO,1441,258039,249,37780
2020-06-04,GB,The United Kingdom,EURO,1484,259523,254,38034
2020-06-05,GB,The United Kingdom,EURO,1356,260879,130,38164
2020-06-06,GB,The United Kingdom,EURO,1243,262122,258,38422
2020-06-07,GB,The United Kingdom,EURO,1120,263242,143,38565
2020-06-08,GB,The United Kingdom,EURO,801,264043,54,38619
2020-06-09,GB,The United Kingdom,EURO,721,264764,47,38666
2020-06-10,GB,The United Kingdom,EURO,1099,265863,195,38861
2020-06-11,GB,The United Kingdom,EURO,1158,267021,164,39025
2020-06-12,GB,The United Kingdom,EURO,1199,268220,76,39101
2020-06-13,GB,The United Kingdom,EURO,1017,269237,131,39232
2020-06-14,GB,The United Kingdom,EURO,1052,270289,107,39339
2020-06-15,GB,The United Kingdom,EURO,890,271179,27,39366
2020-06-16,GB,The United Kingdom,EURO,822,272001,29,39395
2020-06-17,GB,The United Kingdom,EURO,1043,273044,120,39515
2020-06-18,GB,The United Kingdom,EURO,1102,274146,110,39625
2020-06-19,GB,The United Kingdom,EURO,1013,275159,67,39692
2020-06-20,GB,The United Kingdom,EURO,1027,276186,84,39776
2020-06-21,GB,The United Kingdom,EURO,986,277172,71,39847
2020-06-22,GB,The United Kingdom,EURO,687,277859,31,39878
2020-06-23,GB,The United Kingdom,EURO,639,278498,14,39892
2020-06-24,GB,The United Kingdom,EURO,896,279394,94,39986
2020-06-25,GB,The United Kingdom,EURO,886,280280,87,40073
2020-06-26,GB,The United Kingdom,EURO,778,281058,99,40172
2020-06-27,GB,The United Kingdom,EURO,721,281779,77,40249
2020-06-28,GB,The United Kingdom,EURO,671,282450,40,40289
2020-06-29,GB,The United Kingdom,EURO,649,283099,31,40320
2020-06-30,GB,The United Kingdom,EURO,446,283545,21,40341
2020-07-01,GB,The United Kingdom,EURO,730,284275,53,40394
2020-07-02,GB,The United Kingdom,EURO,617,284892,97,40491
2020-07-03,GB,The United Kingdom,EURO,651,285543,41,40532
2020-07-04,GB,The United Kingdom,EURO,602,286145,49,40581
2020-07-05,GB,The United Kingdom,EURO,579,286724,32,40613
2020-07-06,GB,The United Kingdom,EURO,401,287125,19,40632
2020-07-07,GB,The United Kingdom,EURO,555,287680,11,40643
2020-07-08,GB,The United Kingdom,EURO,704,288384,54,40697
2020-07-09,GB,The United Kingdom,EURO,597,288981,57,40754
2020-07-10,GB,The United Kingdom,EURO,693,289674,31,40785
2020-07-11,GB,The United Kingdom,EURO,715,290389,34,40819
2020-07-12,GB,The United Kingdom,EURO,565,290954,17,40836
2020-07-13,GB,The United Kingdom,EURO,442,291396,9,40845
2020-07-14,GB,The United Kingdom,EURO,361,291757,10,40855
2020-07-15,GB,The United Kingdom,EURO,726,292483,44,40899
2020-07-16,GB,The United Kingdom,EURO,685,293168,26,40925
2020-07-17,GB,The United Kingdom,EURO,772,293940,24,40949
2020-07-18,GB,The United Kingdom,EURO,704,294644,26,40975
2020-07-19,GB,The United Kingdom,EURO,569,295213,9,40984
2020-07-20,GB,The United Kingdom,EURO,493,295706,11,40995
2020-07-21,GB,The United Kingdom,EURO,413,296119,10,41005
2020-07-22,GB,The United Kingdom,EURO,793,296912,25,41030
2020-07-23,GB,The United Kingdom,EURO,751,297663,17,41047
2020-07-24,GB,The United Kingdom,EURO,773,298436,9,41056
2020-07-25,GB,The United Kingdom,EURO,731,299167,32,41088
2020-07-26,GB,The United Kingdom,EURO,667,299834,15,41103
2020-07-27,GB,The United Kingdom,EURO,421,300255,8,41111
2020-07-28,GB,The United Kingdom,EURO,371,300626,3,41114
2020-07-29,GB,The United Kingdom,EURO,70,300696,21,41135
2020-07-30,GB,The United Kingdom,EURO,763,301459,34,41169
2020-07-31,GB,The United Kingdom,EURO,846,302305,0,41169
2020-08-01,GB,The United Kingdom,EURO,880,303185,20,41189
2020-08-02,GB,The United Kingdom,EURO,771,303956,13,41202
2020-08-03,GB,The United Kingdom,EURO,743,304699,5,41207
2020-08-04,GB,The United Kingdom,EURO,928,305627,1,41208
2020-08-05,GB,The United Kingdom,EURO,670,306297,18,41226
2020-08-06,GB,The United Kingdom,EURO,891,307188,14,41240
2020-08-07,GB,The United Kingdom,EURO,950,308138,18,41258
2020-08-08,GB,The United Kingdom,EURO,871,309009,12,41270
2020-08-09,GB,The United Kingdom,EURO,758,309767,3,41273
2020-08-10,GB,The United Kingdom,EURO,1062,310829,5,41278
2020-08-11,GB,The United Kingdom,EURO,816,311645,18,41296
2020-08-12,GB,The United Kingdom,EURO,1148,312793,13,41309
2020-08-13,GB,The United Kingdom,EURO,1009,313802,20,41329
2020-08-14,GB,The United Kingdom,EURO,1129,314931,18,41347
2020-08-15,GB,The United Kingdom,EURO,1440,316371,11,41358
2020-08-16,GB,The United Kingdom,EURO,1077,317448,3,41361
2020-08-17,GB,The United Kingdom,EURO,1040,318488,5,41366
2020-08-18,GB,The United Kingdom,EURO,713,319201,3,41369
2020-08-19,GB,The United Kingdom,EURO,1089,320290,12,41381
2020-08-20,GB,The United Kingdom,EURO,812,321102,16,41397
2020-08-21,GB,The United Kingdom,EURO,1182,322284,6,41403
2020-08-22,GB,The United Kingdom,EURO,1033,323317,2,41405
2020-08-23,GB,The United Kingdom,EURO,1288,324605,18,41423
2020-08-24,GB,The United Kingdom,EURO,1041,325646,6,41429
2020-08-25,GB,The United Kingdom,EURO,972,326618,4,41433
2020-08-26,GB,The United Kingdom,EURO,1184,327802,16,41449
2020-08-27,GB,The United Kingdom,EURO,1048,328850,16,41465
2020-08-28,GB,The United Kingdom,EURO,1522,330372,12,41477
2020-08-29,GB,The United Kingdom,EURO,1276,331648,9,41486
2020-08-30,GB,The United Kingdom,EURO,1108,332756,12,41498
2020-08-31,GB,The United Kingdom,EURO,1715,334471,1,41499
2020-09-01,GB,The United Kingdom,EURO,1406,335877,2,41501
2020-09-02,GB,The United Kingdom,EURO,1295,337172,3,41504
2020-09-03,GB,The United Kingdom,EURO,1508,338680,10,41514
2020-09-04,GB,The United Kingdom,EURO,1735,340415,13,41527
2020-09-05,GB,The United Kingdom,EURO,1940,342355,10,41537
2020-09-06,GB,The United Kingdom,EURO,1813,344168,12,41549
2020-09-07,GB,The United Kingdom,EURO,2988,347156,2,41551
2020-09-08,GB,The United Kingdom,EURO,2948,350104,3,41554
2020-09-09,GB,The United Kingdom,EURO,2460,352564,32,41586
2020-09-10,GB,The United Kingdom,EURO,2659,355223,8,41594
2020-09-11,GB,The United Kingdom,EURO,2919,358142,14,41608
2020-09-12,GB,The United Kingdom,EURO,3539,361681,6,41614
2020-09-13,GB,The United Kingdom,EURO,3497,365178,9,41623
2020-09-14,GB,The United Kingdom,EURO,3330,368508,5,41628
2020-09-15,GB,The United Kingdom,EURO,2621,371129,9,41637
2020-09-16,GB,The United Kingdom,EURO,3103,374232,27,41664
2020-09-17,GB,The United Kingdom,EURO,3991,378223,20,41684
2020-09-18,GB,The United Kingdom,EURO,3395,381618,21,41705
2020-09-19,GB,The United Kingdom,EURO,4322,385940,27,41732
2020-09-20,GB,The United Kingdom,EURO,4422,390362,27,41759
2020-09-21,GB,The United Kingdom,EURO,3899,394261,18,41777
2020-09-22,GB,The United Kingdom,EURO,4368,398629,11,41788
2020-09-23,GB,The United Kingdom,EURO,4926,403555,37,41825
2020-09-24,GB,The United Kingdom,EURO,6178,409733,37,41862
2020-09-25,GB,The United Kingdom,EURO,6634,416367,40,41902
2020-09-26,GB,The United Kingdom,EURO,6873,423240,34,41936
2020-09-27,GB,The United Kingdom,EURO,6041,429281,35,41971
2020-09-28,GB,The United Kingdom,EURO,5692,434973,17,41988
2020-09-29,GB,The United Kingdom,EURO,4044,439017,13,42001
2020-09-30,GB,The United Kingdom,EURO,7143,446160,71,42072
2020-10-01,GB,The United Kingdom,EURO,7108,453268,71,42143
2020-10-02,GB,The United Kingdom,EURO,6914,460182,59,42202
2020-10-03,GB,The United Kingdom,EURO,6968,467150,66,42268
2020-10-04,GB,The United Kingdom,EURO,12871,480021,49,42317
2020-10-05,GB,The United Kingdom,EURO,22961,502982,33,42350
2020-10-06,GB,The United Kingdom,EURO,12593,515575,19,42369
2020-10-07,GB,The United Kingdom,EURO,14542,530117,76,42445
2020-10-08,GB,The United Kingdom,EURO,14162,544279,70,42515
2020-10-09,GB,The United Kingdom,EURO,17540,561819,77,42592
2020-10-10,GB,The United Kingdom,EURO,13864,575683,87,42679
2020-10-11,GB,The United Kingdom,EURO,15165,590848,81,42760
2020-10-12,GB,The United Kingdom,EURO,12872,603720,65,42825
2020-01-03,US,United States of America,AMRO,0,0,0,0
2020-01-04,US,United States of America,AMRO,0,0,0,0
2020-01-05,US,United States of America,AMRO,0,0,0,0
2020-01-06,US,United States of America,AMRO,0,0,0,0
2020-01-07,US,United States of America,AMRO,0,0,0,0
2020-01-08,US,United States of America,AMRO,0,0,0,0
2020-01-09,US,United States of America,AMRO,0,0,0,0
2020-01-10,US,United States of America,AMRO,0,0,0,0
2020-01-11,US,United States of America,AMRO,0,0,0,0
2020-01-12,US,United States of America,AMRO,0,0,0,0
2020-01-13,US,United States of America,AMRO,0,0,0,0
2020-01-14,US,United States of America,AMRO,0,0,0,0
2020-01-15,US,United States of America,AMRO,0,0,0,0
2020-01-16,US,United States of America,AMRO,0,0,0,0
2020-01-17,US,United States of America,AMRO,0,0,0,0
2020-01-18,US,United States of America,AMRO,0,0,0,0
2020-01-19,US,United States of America,AMRO,0,0,0,0
2020-01-20,US,United States of America,AMRO,5,5,0,0
2020-01-21,US,United States of America,AMRO,0,5,0,0
2020-01-22,US,United States of America,AMRO,0,5,0,0
2020-01-23,US,United States of America,AMRO,0,5,0,0
2020-01-24,US,United States of America,AMRO,1,6,0,0
2020-01-25,US,United States of America,AMRO,0,6,0,0
2020-01-26,US,United States of America,AMRO,3,9,0,0
2020-01-27,US,United States of America,AMRO,0,9,0,0
2020-01-28,US,United States of America,AMRO,0,9,0,0
2020-01-29,US,United States of America,AMRO,0,9,0,0
2020-01-30,US,United States of America,AMRO,1,10,0,0
2020-01-31,US,United States of America,AMRO,1,11,0,0
2020-02-01,US,United States of America,AMRO,1,12,0,0
2020-02-02,US,United States of America,AMRO,0,12,0,0
2020-02-03,US,United States of America,AMRO,3,15,0,0
2020-02-04,US,United States of America,AMRO,0,15,0,0
2020-02-05,US,United States of America,AMRO,0,15,0,0
2020-02-06,US,United States of America,AMRO,1,16,0,0
2020-02-07,US,United States of America,AMRO,0,16,0,0
2020-02-08,US,United States of America,AMRO,0,16,0,0
2020-02-09,US,United States of America,AMRO,0,16,0,0
2020-02-10,US,United States of America,AMRO,0,16,0,0
2020-02-11,US,United States of America,AMRO,1,17,0,0
2020-02-12,US,United States of America,AMRO,0,17,0,0
2020-02-13,US,United States of America,AMRO,2,19,0,0
2020-02-14,US,United States of America,AMRO,0,19,0,0
2020-02-15,US,United States of America,AMRO,0,19,0,0
2020-02-16,US,United States of America,AMRO,0,19,0,0
2020-02-17,US,United States of America,AMRO,0,19,0,0
2020-02-18,US,United States of America,AMRO,0,19,0,0
2020-02-19,US,United States of America,AMRO,0,19,0,0
2020-02-20,US,United States of America,AMRO,0,19,0,0
2020-02-21,US,United States of America,AMRO,19,38,0,0
2020-02-22,US,United States of America,AMRO,1,39,0,0
2020-02-23,US,United States of America,AMRO,0,39,0,0
2020-02-24,US,United States of America,AMRO,18,57,0,0
2020-02-25,US,United States of America,AMRO,0,57,0,0
2020-02-26,US,United States of America,AMRO,6,63,0,0
2020-02-27,US,United States of America,AMRO,0,63,0,0
2020-02-28,US,United States of America,AMRO,3,66,0,0
2020-02-29,US,United States of America,AMRO,0,66,0,0
2020-03-01,US,United States of America,AMRO,0,66,0,0
2020-03-02,US,United States of America,AMRO,2,68,0,0
2020-03-03,US,United States of America,AMRO,44,112,2,2
2020-03-04,US,United States of America,AMRO,21,133,3,5
2020-03-05,US,United States of America,AMRO,0,133,4,9
2020-03-06,US,United States of America,AMRO,84,217,2,11
2020-03-07,US,United States of America,AMRO,0,217,0,11
2020-03-08,US,United States of America,AMRO,0,217,0,11
2020-03-09,US,United States of America,AMRO,259,476,8,19
2020-03-10,US,United States of America,AMRO,224,700,6,25
2020-03-11,US,United States of America,AMRO,0,700,0,25
2020-03-12,US,United States of America,AMRO,291,991,4,29
2020-03-13,US,United States of America,AMRO,277,1268,7,36
2020-03-14,US,United States of America,AMRO,414,1682,5,41
2020-03-15,US,United States of America,AMRO,36,1718,0,41
2020-03-16,US,United States of America,AMRO,0,1718,0,41
2020-03-17,US,United States of America,AMRO,1822,3540,17,58
2020-03-18,US,United States of America,AMRO,3551,7091,42,100
2020-03-19,US,United States of America,AMRO,3351,10442,50,150
2020-03-20,US,United States of America,AMRO,4777,15219,51,201
2020-03-21,US,United States of America,AMRO,0,15219,0,201
2020-03-22,US,United States of America,AMRO,0,15219,0,201
2020-03-23,US,United States of America,AMRO,16354,31573,201,402
2020-03-24,US,United States of America,AMRO,20341,51914,271,673
2020-03-25,US,United States of America,AMRO,0,51914,0,673
2020-03-26,US,United States of America,AMRO,16420,68334,318,991
2020-03-27,US,United States of America,AMRO,0,68334,0,991
2020-03-28,US,United States of America,AMRO,16894,85228,252,1243
2020-03-29,US,United States of America,AMRO,18093,103321,425,1668
2020-03-30,US,United States of America,AMRO,19332,122653,444,2112
2020-03-31,US,United States of America,AMRO,17987,140640,286,2398
2020-04-01,US,United States of America,AMRO,22559,163199,452,2850
2020-04-02,US,United States of America,AMRO,24103,187302,996,3846
2020-04-03,US,United States of America,AMRO,26298,213600,947,4793
2020-04-04,US,United States of America,AMRO,28103,241703,1061,5854
2020-04-05,US,United States of America,AMRO,32105,273808,1166,7020
2020-04-06,US,United States of America,AMRO,33510,307318,1338,8358
2020-04-07,US,United States of America,AMRO,26493,333811,1201,9559
2020-04-08,US,United States of America,AMRO,29510,363321,1286,10845
2020-04-09,US,United States of America,AMRO,31709,395030,1895,12740
2020-04-10,US,United States of America,AMRO,30859,425889,1925,14665
2020-04-11,US,United States of America,AMRO,35386,461275,1931,16596
2020-04-12,US,United States of America,AMRO,31606,492881,1920,18516
2020-04-13,US,United States of America,AMRO,31633,524514,1928,20444
2020-04-14,US,United States of America,AMRO,29308,553822,1528,21972
2020-04-15,US,United States of America,AMRO,24446,578268,1504,23476
2020-04-16,US,United States of America,AMRO,25802,604070,2395,25871
2020-04-17,US,United States of America,AMRO,28711,632781,6409,32280
2020-04-18,US,United States of America,AMRO,32549,665330,2018,34298
2020-04-19,US,United States of America,AMRO,30023,695353,2438,36736
2020-04-20,US,United States of America,AMRO,28252,723605,1776,38512
2020-04-21,US,United States of America,AMRO,27668,751273,1801,40313
2020-04-22,US,United States of America,AMRO,25634,776907,2154,42467
2020-04-23,US,United States of America,AMRO,24019,800926,2575,45042
2020-04-24,US,United States of America,AMRO,29127,830053,2390,47432
2020-04-25,US,United States of America,AMRO,30719,860772,1742,49174
2020-04-26,US,United States of America,AMRO,38509,899281,2151,51325
2020-04-27,US,United States of America,AMRO,32417,931698,1964,53289
2020-04-28,US,United States of America,AMRO,29218,960916,1109,54398
2020-04-29,US,United States of America,AMRO,22541,983457,1322,55720
2020-04-30,US,United States of America,AMRO,20517,1003974,2010,57730
2020-05-01,US,United States of America,AMRO,31379,1035353,2902,60632
2020-05-02,US,United States of America,AMRO,31774,1067127,2005,62637
2020-05-03,US,United States of America,AMRO,26753,1093880,5000,67637
2020-05-04,US,United States of America,AMRO,31839,1125719,156,67793
2020-05-05,US,United States of America,AMRO,29266,1154985,-514,67279
2020-05-06,US,United States of America,AMRO,16200,1171185,802,68081
2020-05-07,US,United States of America,AMRO,22267,1193452,2475,70556
2020-05-08,US,United States of America,AMRO,22119,1215571,1968,72524
2020-05-09,US,United States of America,AMRO,30204,1245775,2840,75364
2020-05-10,US,United States of America,AMRO,25870,1271645,1552,76916
2020-05-11,US,United States of America,AMRO,26642,1298287,1736,78652
2020-05-12,US,United States of America,AMRO,23767,1322054,982,79634
2020-05-13,US,United States of America,AMRO,18044,1340098,1061,80695
2020-05-14,US,United States of America,AMRO,21424,1361522,1424,82119
2020-05-15,US,United States of America,AMRO,20840,1382362,1700,83819
2020-05-16,US,United States of America,AMRO,27090,1409452,2041,85860
2020-05-17,US,United States of America,AMRO,22813,1432265,1320,87180
2020-05-18,US,United States of America,AMRO,31967,1464232,1394,88574
2020-05-19,US,United States of America,AMRO,13227,1477459,697,89271
2020-05-20,US,United States of America,AMRO,24417,1501876,932,90203
2020-05-21,US,United States of America,AMRO,23310,1525186,1324,91527
2020-05-22,US,United States of America,AMRO,22787,1547973,1396,92923
2020-05-23,US,United States of America,AMRO,20475,1568448,1088,94011
2020-05-24,US,United States of America,AMRO,24151,1592599,1852,95863
2020-05-25,US,United States of America,AMRO,26158,1618757,1046,96909
2020-05-26,US,United States of America,AMRO,15253,1634010,620,97529
2020-05-27,US,United States of America,AMRO,24886,1658896,590,98119
2020-05-28,US,United States of America,AMRO,16362,1675258,770,98889
2020-05-29,US,United States of America,AMRO,19606,1694864,1415,100304
2020-05-30,US,United States of America,AMRO,21214,1716078,1263,101567
2020-05-31,US,United States of America,AMRO,17962,1734040,1073,102640
2020-06-01,US,United States of America,AMRO,23482,1757522,914,103554
2020-06-02,US,United States of America,AMRO,26116,1783638,693,104247
2020-06-03,US,United States of America,AMRO,14692,1798330,761,105008
2020-06-04,US,United States of America,AMRO,24890,1823220,1043,106051
2020-06-05,US,United States of America,AMRO,14583,1837803,825,106876
2020-06-06,US,United States of America,AMRO,20069,1857872,1035,107911
2020-06-07,US,United States of America,AMRO,28922,1886794,1127,109038
2020-06-08,US,United States of America,AMRO,28918,1915712,708,109746
2020-06-09,US,United States of America,AMRO,17848,1933560,474,110220
2020-06-10,US,United States of America,AMRO,17536,1951096,550,110770
2020-06-11,US,United States of America,AMRO,17235,1968331,1208,111978
2020-06-12,US,United States of America,AMRO,20315,1988646,832,112810
2020-06-13,US,United States of America,AMRO,21745,2010391,947,113757
2020-06-14,US,United States of America,AMRO,22133,2032524,709,114466
2020-06-15,US,United States of America,AMRO,25314,2057838,646,115112
2020-06-16,US,United States of America,AMRO,21754,2079592,372,115484
2020-06-17,US,United States of America,AMRO,18514,2098106,496,115980
2020-06-18,US,United States of America,AMRO,27921,2126027,722,116702
2020-06-19,US,United States of America,AMRO,23139,2149166,770,117472
2020-06-20,US,United States of America,AMRO,23046,2172212,733,118205
2020-06-21,US,United States of America,AMRO,36617,2208829,690,118895
2020-06-22,US,United States of America,AMRO,32349,2241178,558,119453
2020-06-23,US,United States of America,AMRO,27575,2268753,308,119761
2020-06-24,US,United States of America,AMRO,26519,2295272,410,120171
2020-06-25,US,United States of America,AMRO,34191,2329463,784,120955
2020-06-26,US,United States of America,AMRO,37601,2367064,690,121645
2020-06-27,US,United States of America,AMRO,40526,2407590,2516,124161
2020-06-28,US,United States of America,AMRO,44458,2452048,650,124811
2020-06-29,US,United States of America,AMRO,44580,2496628,507,125318
2020-06-30,US,United States of America,AMRO,41008,2537636,885,126203
2020-07-01,US,United States of America,AMRO,35757,2573393,370,126573
2020-07-02,US,United States of America,AMRO,43556,2616949,560,127133
2020-07-03,US,United States of America,AMRO,54271,2671220,725,127858
2020-07-04,US,United States of America,AMRO,53213,2724433,623,128481
2020-07-05,US,United States of America,AMRO,51933,2776366,745,129226
2020-07-06,US,United States of America,AMRO,57186,2833552,182,129408
2020-07-07,US,United States of America,AMRO,43686,2877238,235,129643
2020-07-08,US,United States of America,AMRO,46194,2923432,320,129963
2020-07-09,US,United States of America,AMRO,50263,2973695,930,130893
2020-07-10,US,United States of America,AMRO,64630,3038325,991,131884
2020-07-11,US,United States of America,AMRO,58975,3097300,799,132683
2020-07-12,US,United States of America,AMRO,66281,3163581,803,133486
2020-07-13,US,United States of America,AMRO,62369,3225950,906,134392
2020-07-14,US,United States of America,AMRO,60113,3286063,312,134704
2020-07-15,US,United States of America,AMRO,58720,3344783,349,135053
2020-07-16,US,United States of America,AMRO,60711,3405494,754,135807
2020-07-17,US,United States of America,AMRO,67165,3472659,946,136753
2020-07-18,US,United States of America,AMRO,71484,3544143,921,137674
2020-07-19,US,United States of America,AMRO,74354,3618497,917,138591
2020-07-20,US,United States of America,AMRO,66963,3685460,877,139468
2020-07-21,US,United States of America,AMRO,62788,3748248,496,139964
2020-07-22,US,United States of America,AMRO,57276,3805524,473,140437
2020-07-23,US,United States of America,AMRO,62929,3868453,1042,141479
2020-07-24,US,United States of America,AMRO,69641,3938094,1074,142553
2020-07-25,US,United States of America,AMRO,71714,4009808,1110,143663
2020-07-26,US,United States of America,AMRO,74235,4084043,1135,144798
2020-07-27,US,United States of America,AMRO,63968,4148011,929,145727
2020-07-28,US,United States of America,AMRO,61498,4209509,604,146331
2020-07-29,US,United States of America,AMRO,54022,4263531,1118,147449
2020-07-30,US,United States of America,AMRO,59629,4323160,1191,148640
2020-07-31,US,United States of America,AMRO,65406,4388566,1414,150054
2020-08-01,US,United States of America,AMRO,67823,4456389,1211,151265
2020-08-02,US,United States of America,AMRO,67499,4523888,1365,152630
2020-08-03,US,United States of America,AMRO,58388,4582276,1127,153757
2020-08-04,US,United States of America,AMRO,47183,4629459,469,154226
2020-08-05,US,United States of America,AMRO,49151,4678610,726,154952
2020-08-06,US,United States of America,AMRO,49629,4728239,1098,156050
2020-08-07,US,United States of America,AMRO,53373,4781612,1307,157357
2020-08-08,US,United States of America,AMRO,55318,4836930,1249,158606
2020-08-09,US,United States of America,AMRO,61028,4897958,1324,159930
2020-08-10,US,United States of America,AMRO,53893,4951851,1059,160989
2020-08-11,US,United States of America,AMRO,47964,4999815,558,161547
2020-08-12,US,United States of America,AMRO,39894,5039709,557,162104
2020-08-13,US,United States of America,AMRO,54791,5094500,1236,163340
2020-08-14,US,United States of America,AMRO,55907,5150407,1486,164826
2020-08-15,US,United States of America,AMRO,52799,5203206,1169,165995
2020-08-16,US,United States of America,AMRO,55359,5258565,1206,167201
2020-08-17,US,United States of America,AMRO,54375,5312940,1144,168345
2020-08-18,US,United States of America,AMRO,41073,5354013,654,168999
2020-08-19,US,United States of America,AMRO,39125,5393138,509,169508
2020-08-20,US,United States of America,AMRO,37908,5431046,1132,170640
2020-08-21,US,United States of America,AMRO,46259,5477305,1393,172033
2020-08-22,US,United States of America,AMRO,43952,5521257,1065,173098
2020-08-23,US,United States of America,AMRO,45960,5567217,1148,174246
2020-08-24,US,United States of America,AMRO,44946,5612163,997,175243
2020-08-25,US,United States of America,AMRO,37765,5649928,570,175813
2020-08-26,US,United States of America,AMRO,32883,5682811,388,176201
2020-08-27,US,United States of America,AMRO,37030,5719841,1131,177332
2020-08-28,US,United States of America,AMRO,45484,5765325,1229,178561
2020-08-29,US,United States of America,AMRO,46194,5811519,1155,179716
2020-08-30,US,United States of America,AMRO,44002,5855521,973,180689
2020-08-31,US,United States of America,AMRO,43983,5899504,1000,181689
2020-09-01,US,United States of America,AMRO,37068,5936572,473,182162
2020-09-02,US,United States of America,AMRO,31808,5968380,423,182585
2020-09-03,US,United States of America,AMRO,42662,6011042,1025,183610
2020-09-04,US,United States of America,AMRO,39402,6050444,1004,184614
2020-09-05,US,United States of America,AMRO,44563,6095007,1073,185687
2020-09-06,US,United States of America,AMRO,49131,6144138,976,186663
2020-09-07,US,United States of America,AMRO,45350,6189488,878,187541
2020-09-08,US,United States of America,AMRO,33486,6222974,462,188003
2020-09-09,US,United States of America,AMRO,26015,6248989,169,188172
2020-09-10,US,United States of America,AMRO,23204,6272193,436,188608
2020-09-11,US,United States of America,AMRO,31988,6304181,1101,189709
2020-09-12,US,United States of America,AMRO,37128,6341309,1078,190787
2020-09-13,US,United States of America,AMRO,45523,6386832,1022,191809
2020-09-14,US,United States of America,AMRO,40126,6426958,803,192612
2020-09-15,US,United States of America,AMRO,35177,6462135,507,193119
2020-09-16,US,United States of America,AMRO,34111,6496246,375,193494
2020-09-17,US,United States of America,AMRO,34078,6530324,940,194434
2020-09-18,US,United States of America,AMRO,40795,6571119,1204,195638
2020-09-19,US,United States of America,AMRO,42618,6613737,827,196465
2020-09-20,US,United States of America,AMRO,48266,6662003,977,197442
2020-09-21,US,United States of America,AMRO,41695,6703698,652,198094
2020-09-22,US,United States of America,AMRO,36766,6740464,269,198363
2020-09-23,US,United States of America,AMRO,39145,6779609,430,198793
2020-09-24,US,United States of America,AMRO,49176,6828785,807,199600
2020-09-25,US,United States of America,AMRO,40043,6868828,1125,200725
2020-09-26,US,United States of America,AMRO,41254,6910082,909,201634
2020-09-27,US,United States of America,AMRO,50070,6960152,844,202478
2020-09-28,US,United States of America,AMRO,48958,7009110,851,203329
2020-09-29,US,United States of America,AMRO,35217,7044327,291,203620
2020-09-30,US,United States of America,AMRO,32688,7077015,255,203875
2020-10-01,US,United States of America,AMRO,38476,7115491,767,204642
2020-10-02,US,United States of America,AMRO,44985,7160476,1024,205666
2020-10-03,US,United States of America,AMRO,46293,7206769,892,206558
2020-10-04,US,United States of America,AMRO,49465,7256234,808,207366
2020-10-05,US,United States of America,AMRO,49036,7305270,698,208064
2020-10-06,US,United States of America,AMRO,36136,7341406,369,208433
2020-10-07,US,United States of America,AMRO,38920,7380326,354,208787
2020-10-08,US,United States of America,AMRO,38904,7419230,663,209450
2020-10-09,US,United States of America,AMRO,52458,7471688,888,210338
2020-10-10,US,United States of America,AMRO,54232,7525920,973,211311
2020-10-11,US,United States of America,AMRO,57828,7583748,918,212229
2020-10-12,US,United States of America,AMRO,53055,7636803,575,212804
